processes,threads,dataset,dt,cells,mean_iteration_ms,std_iteration_ms,total_measured_ms,speedup,efficiency
1,1,data/galaxy_5000,0.0015,"(15, 15, 1)",174.943369,2.600277,5248.301082,1.000000,1.000000
1,2,data/galaxy_5000,0.0015,"(15, 15, 1)",123.371783,6.726011,3701.153490,1.418018,0.709009
2,1,data/galaxy_5000,0.0015,"(15, 15, 1)",148.598610,4.151188,4457.958287,1.177288,0.588644
2,2,data/galaxy_5000,0.0015,"(15, 15, 1)",104.543522,3.136623,3136.305664,1.673402,0.418351
